<?xml version="1.0" encoding="UTF-8"?>

<gmd:MD_Metadata xmlns:gmd="http://www.isotc211.org/2005/gmd" xmlns:gco="http://www.isotc211.org/2005/gco" xmlns:gmx="http://www.isotc211.org/2005/gmx" xmlns:xlink="http://www.w3.org/1999/xlink" xmlns:gmi="http://www.isotc211.org/2005/gmi" xmlns:gfc="http://www.isotc211.org/2005/gfc" xmlns:gml="http://www.opengis.net/gml/3.2" xmlns:gts="http://www.isotc211.org/2005/gts" xmlns:xsi="http://www.w3.org/2001/XMLSchema-instance" xsi:schemaLocation="http://www.isotc211.org/2005/gmd http://standards.iso.org/ittf/PubliclyAvailableStandards/ISO_19139_Schemas/gmd/gmd.xsd">
  <gmd:fileIdentifier gco:nilReason="missing"/>
  <gmd:language>
    <gco:CharacterString>eng;USA</gco:CharacterString>
  </gmd:language>
  <gmd:characterSet>
    <gmd:MD_CharacterSetCode codeList="http://www.ngdc.noaa.gov/metadata/published/xsd/schema/resources/Codelist/gmxCodelists.xml#MD_CharacterSetCode" codeListValue="UTF-8">UTF-8</gmd:MD_CharacterSetCode>
  </gmd:characterSet>
  <gmd:hierarchyLevel>
    <gmd:MD_ScopeCode codeList="http://www.ngdc.noaa.gov/metadata/published/xsd/schema/resources/Codelist/gmxCodelists.xml#MD_ScopeCode" codeListValue="dataset">dataset</gmd:MD_ScopeCode>
  </gmd:hierarchyLevel>
  <gmd:contact>
    <gmd:CI_ResponsibleParty>
      <gmd:organisationName>
        <gco:CharacterString>Axiom Data Science</gco:CharacterString>
      </gmd:organisationName>
      <gmd:positionName>
        <gco:CharacterString>Metadata Specialist</gco:CharacterString>
      </gmd:positionName>
      <gmd:contactInfo>
        <gmd:CI_Contact>
          <gmd:address>
            <gmd:CI_Address>
              <gmd:deliveryPoint>
                <gco:CharacterString>Suite 105</gco:CharacterString>
              </gmd:deliveryPoint>
              <gmd:deliveryPoint>
                <gco:CharacterString>1016 W 6th Avenue</gco:CharacterString>
              </gmd:deliveryPoint>
              <gmd:city>
                <gco:CharacterString>Anchorage</gco:CharacterString>
              </gmd:city>
              <gmd:administrativeArea>
                <gco:CharacterString>AK</gco:CharacterString>
              </gmd:administrativeArea>
              <gmd:postalCode>
                <gco:CharacterString>99501</gco:CharacterString>
              </gmd:postalCode>
              <gmd:country>
                <gco:CharacterString>USA</gco:CharacterString>
              </gmd:country>
              <gmd:electronicMailAddress>
                <gco:CharacterString>metadata@axiomdatascience.com</gco:CharacterString>
              </gmd:electronicMailAddress>
            </gmd:CI_Address>
          </gmd:address>
        </gmd:CI_Contact>
      </gmd:contactInfo>
      <gmd:role>
        <gmd:CI_RoleCode codeList="http://www.ngdc.noaa.gov/metadata/published/xsd/schema/resources/Codelist/gmxCodelists.xml#CI_RoleCode" codeListValue="missing"/>
      </gmd:role>
    </gmd:CI_ResponsibleParty>
  </gmd:contact>
  <gmd:dateStamp gco:nilReason="unknown">
    <gco:Date xsi:nil="true"/>
  </gmd:dateStamp>
  <gmd:metadataStandardName>
    <gco:CharacterString>ISO 19115</gco:CharacterString>
  </gmd:metadataStandardName>
  <gmd:dataSetURI gco:nilReason="unknown"/>
  <gmd:identificationInfo>
    <gmd:MD_DataIdentification>
      <gmd:citation>
        <gmd:CI_Citation>
          <gmd:title>
            <gco:CharacterString>Movements of blue sharks in the North Atlantic Ocean using satellite telemetry, 2014-2017</gco:CharacterString>
          </gmd:title>
          <gmd:date>
            <gmd:CI_Date>
              <gmd:date>
                <gco:Date>2019-07-01</gco:Date>
              </gmd:date>
              <gmd:dateType>
                <gmd:CI_DateTypeCode codeList="http://www.ngdc.noaa.gov/metadata/published/xsd/schema/resources/  Codelist/gmxCodelists.xml#CI_DateTypeCode" codeListValue="publication">publication</gmd:CI_DateTypeCode>
              </gmd:dateType>
            </gmd:CI_Date>
          </gmd:date>
          <gmd:identifier>
            <gmd:RS_Identifier>
              <gmd:authority>
                <gmd:CI_Citation>
                  <gmd:title>
                    <gco:CharacterString>International DOI Foundation (IDF)</gco:CharacterString>
                  </gmd:title>
                  <gmd:date gco:nilReason="missing"/>
                </gmd:CI_Citation>
              </gmd:authority>
              <gmd:code>
                <gco:CharacterString>https://doi.org/10.24431/rw1k329</gco:CharacterString>
              </gmd:code>
            </gmd:RS_Identifier>
          </gmd:identifier>
          <gmd:citedResponsibleParty>
            <gmd:CI_ResponsibleParty>
              <gmd:individualName>
                <gco:CharacterString>Camrin Braun</gco:CharacterString>
              </gmd:individualName>
              <gmd:organisationName>
                <gco:CharacterString>School of Aquatic and Fisheries Sciences University of Washington</gco:CharacterString>
              </gmd:organisationName>
              <gmd:positionName>
                <gco:CharacterString>Assistant Professor</gco:CharacterString>
              </gmd:positionName>
              <gmd:contactInfo>
                <gmd:CI_Contact>
                  <gmd:phone>
                    <gmd:CI_Telephone>
                      <gmd:voice>
                        <gco:CharacterString>(206) 685-4050</gco:CharacterString>
                      </gmd:voice>
                    </gmd:CI_Telephone>
                  </gmd:phone>
                  <gmd:address>
                    <gmd:CI_Address>
                      <gmd:city>
                        <gco:CharacterString>Seattle</gco:CharacterString>
                      </gmd:city>
                      <gmd:administrativeArea>
                        <gco:CharacterString>WA</gco:CharacterString>
                      </gmd:administrativeArea>
                      <gmd:postalCode>
                        <gco:CharacterString>98105</gco:CharacterString>
                      </gmd:postalCode>
                      <gmd:country>
                        <gco:CharacterString>USA</gco:CharacterString>
                      </gmd:country>
                      <gmd:electronicMailAddress>
                        <gco:CharacterString>cdbraun@uw.edu</gco:CharacterString>
                      </gmd:electronicMailAddress>
                    </gmd:CI_Address>
                  </gmd:address>
                </gmd:CI_Contact>
              </gmd:contactInfo>
              <gmd:role>
                <gmd:CI_RoleCode codeList="http://www.ngdc.noaa.gov/metadata/published/xsd/schema/resources/Codelist/gmxCodelists.xml#CI_RoleCode" codeListValue="principalInvestigator">principalInvestigator</gmd:CI_RoleCode>
              </gmd:role>
            </gmd:CI_ResponsibleParty>
          </gmd:citedResponsibleParty>
          <gmd:citedResponsibleParty>
            <gmd:CI_ResponsibleParty>
              <gmd:individualName>
                <gco:CharacterString>Camrin Braun</gco:CharacterString>
              </gmd:individualName>
              <gmd:organisationName>
                <gco:CharacterString>School of Aquatic and Fisheries Sciences University of Washington</gco:CharacterString>
              </gmd:organisationName>
              <gmd:positionName>
                <gco:CharacterString>Assistant Professor</gco:CharacterString>
              </gmd:positionName>
              <gmd:contactInfo>
                <gmd:CI_Contact>
                  <gmd:phone>
                    <gmd:CI_Telephone>
                      <gmd:voice>
                        <gco:CharacterString>(206) 685-4050</gco:CharacterString>
                      </gmd:voice>
                    </gmd:CI_Telephone>
                  </gmd:phone>
                  <gmd:address>
                    <gmd:CI_Address>
                      <gmd:city>
                        <gco:CharacterString>Seattle</gco:CharacterString>
                      </gmd:city>
                      <gmd:administrativeArea>
                        <gco:CharacterString>WA</gco:CharacterString>
                      </gmd:administrativeArea>
                      <gmd:postalCode>
                        <gco:CharacterString>98105</gco:CharacterString>
                      </gmd:postalCode>
                      <gmd:country>
                        <gco:CharacterString>USA</gco:CharacterString>
                      </gmd:country>
                      <gmd:electronicMailAddress>
                        <gco:CharacterString>cdbraun@uw.edu</gco:CharacterString>
                      </gmd:electronicMailAddress>
                    </gmd:CI_Address>
                  </gmd:address>
                </gmd:CI_Contact>
              </gmd:contactInfo>
              <gmd:role>
                <gmd:CI_RoleCode codeList="http://www.ngdc.noaa.gov/metadata/published/xsd/schema/resources/Codelist/gmxCodelists.xml#CI_RoleCode" codeListValue="originator">originator</gmd:CI_RoleCode>
              </gmd:role>
            </gmd:CI_ResponsibleParty>
          </gmd:citedResponsibleParty>
          <gmd:citedResponsibleParty>
            <gmd:CI_ResponsibleParty>
              <gmd:individualName>
                <gco:CharacterString>Camrin Braun</gco:CharacterString>
              </gmd:individualName>
              <gmd:organisationName>
                <gco:CharacterString>School of Aquatic and Fisheries Sciences University of Washington</gco:CharacterString>
              </gmd:organisationName>
              <gmd:positionName>
                <gco:CharacterString>Assistant Professor</gco:CharacterString>
              </gmd:positionName>
              <gmd:contactInfo>
                <gmd:CI_Contact>
                  <gmd:phone>
                    <gmd:CI_Telephone>
                      <gmd:voice>
                        <gco:CharacterString>(206) 685-4050</gco:CharacterString>
                      </gmd:voice>
                    </gmd:CI_Telephone>
                  </gmd:phone>
                  <gmd:address>
                    <gmd:CI_Address>
                      <gmd:city>
                        <gco:CharacterString>Seattle</gco:CharacterString>
                      </gmd:city>
                      <gmd:administrativeArea>
                        <gco:CharacterString>WA</gco:CharacterString>
                      </gmd:administrativeArea>
                      <gmd:postalCode>
                        <gco:CharacterString>98105</gco:CharacterString>
                      </gmd:postalCode>
                      <gmd:country>
                        <gco:CharacterString>USA</gco:CharacterString>
                      </gmd:country>
                      <gmd:electronicMailAddress>
                        <gco:CharacterString>cdbraun@uw.edu</gco:CharacterString>
                      </gmd:electronicMailAddress>
                    </gmd:CI_Address>
                  </gmd:address>
                </gmd:CI_Contact>
              </gmd:contactInfo>
              <gmd:role>
                <gmd:CI_RoleCode codeList="http://www.ngdc.noaa.gov/metadata/published/xsd/schema/resources/Codelist/gmxCodelists.xml#CI_RoleCode" codeListValue="author">author</gmd:CI_RoleCode>
              </gmd:role>
            </gmd:CI_ResponsibleParty>
          </gmd:citedResponsibleParty>
          <gmd:citedResponsibleParty>
            <gmd:CI_ResponsibleParty>
              <gmd:individualName>
                <gco:CharacterString>Peter Gaube</gco:CharacterString>
              </gmd:individualName>
              <gmd:organisationName>
                <gco:CharacterString>Applied Physics Laboratory, University of Washington</gco:CharacterString>
              </gmd:organisationName>
              <gmd:positionName>
                <gco:CharacterString>Senior Oceanographer</gco:CharacterString>
              </gmd:positionName>
              <gmd:contactInfo>
                <gmd:CI_Contact>
                  <gmd:address>
                    <gmd:CI_Address>
                      <gmd:city>
                        <gco:CharacterString>Seattle</gco:CharacterString>
                      </gmd:city>
                      <gmd:administrativeArea>
                        <gco:CharacterString>WA</gco:CharacterString>
                      </gmd:administrativeArea>
                      <gmd:electronicMailAddress>
                        <gco:CharacterString>pgaube@uw.edu</gco:CharacterString>
                      </gmd:electronicMailAddress>
                    </gmd:CI_Address>
                  </gmd:address>
                </gmd:CI_Contact>
              </gmd:contactInfo>
              <gmd:role>
                <gmd:CI_RoleCode codeList="http://www.ngdc.noaa.gov/metadata/published/xsd/schema/resources/Codelist/gmxCodelists.xml#CI_RoleCode" codeListValue="author">author</gmd:CI_RoleCode>
              </gmd:role>
            </gmd:CI_ResponsibleParty>
          </gmd:citedResponsibleParty>
          <gmd:citedResponsibleParty>
            <gmd:CI_ResponsibleParty>
              <gmd:individualName>
                <gco:CharacterString>Tane Sinclair-Taylor</gco:CharacterString>
              </gmd:individualName>
              <gmd:positionName>
                <gco:CharacterString>Independent scholar</gco:CharacterString>
              </gmd:positionName>
              <gmd:contactInfo>
                <gmd:CI_Contact>
                  <gmd:address>
                    <gmd:CI_Address>
                      <gmd:electronicMailAddress>
                        <gco:CharacterString>t.sinclairtaylor@gmail.com</gco:CharacterString>
                      </gmd:electronicMailAddress>
                    </gmd:CI_Address>
                  </gmd:address>
                </gmd:CI_Contact>
              </gmd:contactInfo>
              <gmd:role>
                <gmd:CI_RoleCode codeList="http://www.ngdc.noaa.gov/metadata/published/xsd/schema/resources/Codelist/gmxCodelists.xml#CI_RoleCode" codeListValue="author">author</gmd:CI_RoleCode>
              </gmd:role>
            </gmd:CI_ResponsibleParty>
          </gmd:citedResponsibleParty>
          <gmd:citedResponsibleParty>
            <gmd:CI_ResponsibleParty>
              <gmd:individualName>
                <gco:CharacterString>Gregory Skomal</gco:CharacterString>
              </gmd:individualName>
              <gmd:organisationName>
                <gco:CharacterString>Massachusetts Division of Marine Fisheries</gco:CharacterString>
              </gmd:organisationName>
              <gmd:contactInfo>
                <gmd:CI_Contact>
                  <gmd:address>
                    <gmd:CI_Address>
                      <gmd:city>
                        <gco:CharacterString>New Bedford</gco:CharacterString>
                      </gmd:city>
                      <gmd:administrativeArea>
                        <gco:CharacterString>MA</gco:CharacterString>
                      </gmd:administrativeArea>
                      <gmd:electronicMailAddress>
                        <gco:CharacterString>gregory.skomal@state.ma.us</gco:CharacterString>
                      </gmd:electronicMailAddress>
                    </gmd:CI_Address>
                  </gmd:address>
                </gmd:CI_Contact>
              </gmd:contactInfo>
              <gmd:role>
                <gmd:CI_RoleCode codeList="http://www.ngdc.noaa.gov/metadata/published/xsd/schema/resources/Codelist/gmxCodelists.xml#CI_RoleCode" codeListValue="author">author</gmd:CI_RoleCode>
              </gmd:role>
            </gmd:CI_ResponsibleParty>
          </gmd:citedResponsibleParty>
          <gmd:citedResponsibleParty>
            <gmd:CI_ResponsibleParty>
              <gmd:individualName>
                <gco:CharacterString>Simon Thorrold</gco:CharacterString>
              </gmd:individualName>
              <gmd:organisationName>
                <gco:CharacterString>Woods Hole Oceanographic Institution</gco:CharacterString>
              </gmd:organisationName>
              <gmd:positionName>
                <gco:CharacterString>Senior Scientist</gco:CharacterString>
              </gmd:positionName>
              <gmd:contactInfo>
                <gmd:CI_Contact>
                  <gmd:address>
                    <gmd:CI_Address>
                      <gmd:city>
                        <gco:CharacterString>Woods Hole</gco:CharacterString>
                      </gmd:city>
                      <gmd:administrativeArea>
                        <gco:CharacterString>MA</gco:CharacterString>
                      </gmd:administrativeArea>
                      <gmd:electronicMailAddress>
                        <gco:CharacterString>sthorrold@whoi.edu</gco:CharacterString>
                      </gmd:electronicMailAddress>
                    </gmd:CI_Address>
                  </gmd:address>
                </gmd:CI_Contact>
              </gmd:contactInfo>
              <gmd:role>
                <gmd:CI_RoleCode codeList="http://www.ngdc.noaa.gov/metadata/published/xsd/schema/resources/Codelist/gmxCodelists.xml#CI_RoleCode" codeListValue="author">author</gmd:CI_RoleCode>
              </gmd:role>
            </gmd:CI_ResponsibleParty>
          </gmd:citedResponsibleParty>
          <gmd:presentationForm>
            <gmd:CI_PresentationFormCode codeList="http://www.ngdc.noaa.gov/metadata/published/xsd/schema/resources/Codelist/gmxCodelists.xml#CI_PresentationFormCode" codeListValue="tableDigital">tableDigital</gmd:CI_PresentationFormCode>
          </gmd:presentationForm>
        </gmd:CI_Citation>
      </gmd:citation>
      <gmd:abstract>
        <gco:CharacterString>This dataset contains Argos-based position estimates that represent the movements of a pelagic predator, the blue shark (Prionace glauca), in the Gulf Stream region and broader North Atlantic Ocean using electronic tags. We collected &gt;2,000 tracking days recorded by 15 instrumented individuals over a three year period. Each individual shark was assigned a unique identification number that includes Taxononomic Serial Number (TSN) from Integrated Taxonomic Information System, tagging year and satellite tag Platform Terminal Transmission (PTT) number as "TSN_YR_PTT". We include one data file (.csv) per individual, a metadata table that provides additional information on size, sex and other metrics, and a metadata table that indicates the date range for data that was manually removed prior to archiving: 160424_2013_132346pnas_atn.csv 160424_2014_141195pnas_atn.csv 160424_2015_141261pnas_atn.csv 160424_2015_141264pnas_atn.csv 160424_2015_141268pnas_atn.csv 160424_2015_141270pnas_atn.csv 160424_2016_106744pnas_atn.csv 160424_2016_106745pnas_atn.csv 160424_2016_106746pnas_atn.csv 160424_2016_106747pnas_atn.csv 160424_2016_106748pnas_atn.csv 160424_2016_141262pnas_atn.csv 160424_2016_141263pnas_atn.csv 160424_2016_141265pnas_atn.csv 160424_2016_141266pnas_atn.csv 160424_2016_165927pnas_atn.csv 160424_2016_165928pnas_atn.csv Braun_atn_tag_deployment_metadata.csv cut_dates_atn.csv</gco:CharacterString>
      </gmd:abstract>
      <gmd:purpose>
        <gco:CharacterString>This dataset was collected to test the influence of mesoscale eddies on a model pelagic predator.</gco:CharacterString>
      </gmd:purpose>
      <gmd:credit/>
      <gmd:status>
        <gmd:MD_ProgressCode codeList="http://www.ngdc.noaa.gov/metadata/published/xsd/schema/resources/Codelist/gmxCodelists.xml#MD_ProgressCode" codeListValue="onGoing">onGoing</gmd:MD_ProgressCode>
      </gmd:status>
      <gmd:pointOfContact>
        <gmd:CI_ResponsibleParty>
          <gmd:individualName>
            <gco:CharacterString>Camrin Braun</gco:CharacterString>
          </gmd:individualName>
          <gmd:organisationName>
            <gco:CharacterString>School of Aquatic and Fisheries Sciences University of Washington</gco:CharacterString>
          </gmd:organisationName>
          <gmd:positionName>
            <gco:CharacterString>Assistant Professor</gco:CharacterString>
          </gmd:positionName>
          <gmd:contactInfo>
            <gmd:CI_Contact>
              <gmd:phone>
                <gmd:CI_Telephone>
                  <gmd:voice>
                    <gco:CharacterString>(206) 685-4050</gco:CharacterString>
                  </gmd:voice>
                </gmd:CI_Telephone>
              </gmd:phone>
              <gmd:address>
                <gmd:CI_Address>
                  <gmd:city>
                    <gco:CharacterString>Seattle</gco:CharacterString>
                  </gmd:city>
                  <gmd:administrativeArea>
                    <gco:CharacterString>WA</gco:CharacterString>
                  </gmd:administrativeArea>
                  <gmd:postalCode>
                    <gco:CharacterString>98105</gco:CharacterString>
                  </gmd:postalCode>
                  <gmd:country>
                    <gco:CharacterString>USA</gco:CharacterString>
                  </gmd:country>
                  <gmd:electronicMailAddress>
                    <gco:CharacterString>cdbraun@uw.edu</gco:CharacterString>
                  </gmd:electronicMailAddress>
                </gmd:CI_Address>
              </gmd:address>
            </gmd:CI_Contact>
          </gmd:contactInfo>
          <gmd:role>
            <gmd:CI_RoleCode codeList="http://www.ngdc.noaa.gov/metadata/published/xsd/schema/resources/Codelist/gmxCodelists.xml#CI_RoleCode" codeListValue="pointOfContact">pointOfContact</gmd:CI_RoleCode>
          </gmd:role>
        </gmd:CI_ResponsibleParty>
      </gmd:pointOfContact>
      <gmd:pointOfContact>
        <gmd:CI_ResponsibleParty>
          <gmd:individualName>
            <gco:CharacterString>Camrin Braun</gco:CharacterString>
          </gmd:individualName>
          <gmd:organisationName>
            <gco:CharacterString>School of Aquatic and Fisheries Sciences University of Washington</gco:CharacterString>
          </gmd:organisationName>
          <gmd:positionName>
            <gco:CharacterString>Assistant Professor</gco:CharacterString>
          </gmd:positionName>
          <gmd:contactInfo>
            <gmd:CI_Contact>
              <gmd:phone>
                <gmd:CI_Telephone>
                  <gmd:voice>
                    <gco:CharacterString>(206) 685-4050</gco:CharacterString>
                  </gmd:voice>
                </gmd:CI_Telephone>
              </gmd:phone>
              <gmd:address>
                <gmd:CI_Address>
                  <gmd:city>
                    <gco:CharacterString>Seattle</gco:CharacterString>
                  </gmd:city>
                  <gmd:administrativeArea>
                    <gco:CharacterString>WA</gco:CharacterString>
                  </gmd:administrativeArea>
                  <gmd:postalCode>
                    <gco:CharacterString>98105</gco:CharacterString>
                  </gmd:postalCode>
                  <gmd:country>
                    <gco:CharacterString>USA</gco:CharacterString>
                  </gmd:country>
                  <gmd:electronicMailAddress>
                    <gco:CharacterString>cdbraun@uw.edu</gco:CharacterString>
                  </gmd:electronicMailAddress>
                </gmd:CI_Address>
              </gmd:address>
            </gmd:CI_Contact>
          </gmd:contactInfo>
          <gmd:role>
            <gmd:CI_RoleCode codeList="http://www.ngdc.noaa.gov/metadata/published/xsd/schema/resources/Codelist/gmxCodelists.xml#CI_RoleCode" codeListValue="author">author</gmd:CI_RoleCode>
          </gmd:role>
        </gmd:CI_ResponsibleParty>
      </gmd:pointOfContact>
      <gmd:pointOfContact>
        <gmd:CI_ResponsibleParty>
          <gmd:individualName>
            <gco:CharacterString>Peter Gaube</gco:CharacterString>
          </gmd:individualName>
          <gmd:organisationName>
            <gco:CharacterString>Applied Physics Laboratory, University of Washington</gco:CharacterString>
          </gmd:organisationName>
          <gmd:positionName>
            <gco:CharacterString>Senior Oceanographer</gco:CharacterString>
          </gmd:positionName>
          <gmd:contactInfo>
            <gmd:CI_Contact>
              <gmd:address>
                <gmd:CI_Address>
                  <gmd:city>
                    <gco:CharacterString>Seattle</gco:CharacterString>
                  </gmd:city>
                  <gmd:administrativeArea>
                    <gco:CharacterString>WA</gco:CharacterString>
                  </gmd:administrativeArea>
                  <gmd:electronicMailAddress>
                    <gco:CharacterString>pgaube@uw.edu</gco:CharacterString>
                  </gmd:electronicMailAddress>
                </gmd:CI_Address>
              </gmd:address>
            </gmd:CI_Contact>
          </gmd:contactInfo>
          <gmd:role>
            <gmd:CI_RoleCode codeList="http://www.ngdc.noaa.gov/metadata/published/xsd/schema/resources/Codelist/gmxCodelists.xml#CI_RoleCode" codeListValue="author">author</gmd:CI_RoleCode>
          </gmd:role>
        </gmd:CI_ResponsibleParty>
      </gmd:pointOfContact>
      <gmd:pointOfContact>
        <gmd:CI_ResponsibleParty>
          <gmd:individualName>
            <gco:CharacterString>Tane Sinclair-Taylor</gco:CharacterString>
          </gmd:individualName>
          <gmd:positionName>
            <gco:CharacterString>Independent scholar</gco:CharacterString>
          </gmd:positionName>
          <gmd:contactInfo>
            <gmd:CI_Contact>
              <gmd:address>
                <gmd:CI_Address>
                  <gmd:electronicMailAddress>
                    <gco:CharacterString>t.sinclairtaylor@gmail.com</gco:CharacterString>
                  </gmd:electronicMailAddress>
                </gmd:CI_Address>
              </gmd:address>
            </gmd:CI_Contact>
          </gmd:contactInfo>
          <gmd:role>
            <gmd:CI_RoleCode codeList="http://www.ngdc.noaa.gov/metadata/published/xsd/schema/resources/Codelist/gmxCodelists.xml#CI_RoleCode" codeListValue="author">author</gmd:CI_RoleCode>
          </gmd:role>
        </gmd:CI_ResponsibleParty>
      </gmd:pointOfContact>
      <gmd:pointOfContact>
        <gmd:CI_ResponsibleParty>
          <gmd:individualName>
            <gco:CharacterString>Gregory Skomal</gco:CharacterString>
          </gmd:individualName>
          <gmd:organisationName>
            <gco:CharacterString>Massachusetts Division of Marine Fisheries</gco:CharacterString>
          </gmd:organisationName>
          <gmd:contactInfo>
            <gmd:CI_Contact>
              <gmd:address>
                <gmd:CI_Address>
                  <gmd:city>
                    <gco:CharacterString>New Bedford</gco:CharacterString>
                  </gmd:city>
                  <gmd:administrativeArea>
                    <gco:CharacterString>MA</gco:CharacterString>
                  </gmd:administrativeArea>
                  <gmd:electronicMailAddress>
                    <gco:CharacterString>gregory.skomal@state.ma.us</gco:CharacterString>
                  </gmd:electronicMailAddress>
                </gmd:CI_Address>
              </gmd:address>
            </gmd:CI_Contact>
          </gmd:contactInfo>
          <gmd:role>
            <gmd:CI_RoleCode codeList="http://www.ngdc.noaa.gov/metadata/published/xsd/schema/resources/Codelist/gmxCodelists.xml#CI_RoleCode" codeListValue="author">author</gmd:CI_RoleCode>
          </gmd:role>
        </gmd:CI_ResponsibleParty>
      </gmd:pointOfContact>
      <gmd:pointOfContact>
        <gmd:CI_ResponsibleParty>
          <gmd:individualName>
            <gco:CharacterString>Simon Thorrold</gco:CharacterString>
          </gmd:individualName>
          <gmd:organisationName>
            <gco:CharacterString>Woods Hole Oceanographic Institution</gco:CharacterString>
          </gmd:organisationName>
          <gmd:positionName>
            <gco:CharacterString>Senior Scientist</gco:CharacterString>
          </gmd:positionName>
          <gmd:contactInfo>
            <gmd:CI_Contact>
              <gmd:address>
                <gmd:CI_Address>
                  <gmd:city>
                    <gco:CharacterString>Woods Hole</gco:CharacterString>
                  </gmd:city>
                  <gmd:administrativeArea>
                    <gco:CharacterString>MA</gco:CharacterString>
                  </gmd:administrativeArea>
                  <gmd:electronicMailAddress>
                    <gco:CharacterString>sthorrold@whoi.edu</gco:CharacterString>
                  </gmd:electronicMailAddress>
                </gmd:CI_Address>
              </gmd:address>
            </gmd:CI_Contact>
          </gmd:contactInfo>
          <gmd:role>
            <gmd:CI_RoleCode codeList="http://www.ngdc.noaa.gov/metadata/published/xsd/schema/resources/Codelist/gmxCodelists.xml#CI_RoleCode" codeListValue="author">author</gmd:CI_RoleCode>
          </gmd:role>
        </gmd:CI_ResponsibleParty>
      </gmd:pointOfContact>
      <gmd:resourceMaintenance>
        <gmd:MD_MaintenanceInformation>
          <gmd:maintenanceAndUpdateFrequency>
            <gmd:MD_MaintenanceFrequencyCode codeList="http://www.ngdc.noaa.gov/metadata/published/xsd/schema/resources/Codelist/gmxCodelists.xml#MD_MaintenanceFrequencyCode" codeListValue="asNeeded">asNeeded</gmd:MD_MaintenanceFrequencyCode>
          </gmd:maintenanceAndUpdateFrequency>
          <gmd:contact>
            <gmd:CI_ResponsibleParty>
              <gmd:individualName>
                <gco:CharacterString>Camrin Braun</gco:CharacterString>
              </gmd:individualName>
              <gmd:organisationName>
                <gco:CharacterString>School of Aquatic and Fisheries Sciences University of Washington</gco:CharacterString>
              </gmd:organisationName>
              <gmd:positionName>
                <gco:CharacterString>Assistant Professor</gco:CharacterString>
              </gmd:positionName>
              <gmd:contactInfo>
                <gmd:CI_Contact>
                  <gmd:phone>
                    <gmd:CI_Telephone>
                      <gmd:voice>
                        <gco:CharacterString>(206) 685-4050</gco:CharacterString>
                      </gmd:voice>
                    </gmd:CI_Telephone>
                  </gmd:phone>
                  <gmd:address>
                    <gmd:CI_Address>
                      <gmd:city>
                        <gco:CharacterString>Seattle</gco:CharacterString>
                      </gmd:city>
                      <gmd:administrativeArea>
                        <gco:CharacterString>WA</gco:CharacterString>
                      </gmd:administrativeArea>
                      <gmd:postalCode>
                        <gco:CharacterString>98105</gco:CharacterString>
                      </gmd:postalCode>
                      <gmd:country>
                        <gco:CharacterString>USA</gco:CharacterString>
                      </gmd:country>
                      <gmd:electronicMailAddress>
                        <gco:CharacterString>cdbraun@uw.edu</gco:CharacterString>
                      </gmd:electronicMailAddress>
                    </gmd:CI_Address>
                  </gmd:address>
                </gmd:CI_Contact>
              </gmd:contactInfo>
              <gmd:role>
                <gmd:CI_RoleCode codeList="http://www.ngdc.noaa.gov/metadata/published/xsd/schema/resources/Codelist/gmxCodelists.xml#CI_RoleCode" codeListValue="missing"/>
              </gmd:role>
            </gmd:CI_ResponsibleParty>
          </gmd:contact>
        </gmd:MD_MaintenanceInformation>
      </gmd:resourceMaintenance>
      <gmd:descriptiveKeywords>
        <gmd:MD_Keywords>
          <gmd:keyword>
            <gco:CharacterString>OCEAN &gt; ATLANTIC OCEAN</gco:CharacterString>
          </gmd:keyword>
          <gmd:type>
            <gmd:MD_KeywordTypeCode codeList="http://www.ngdc.noaa.gov/metadata/published/xsd/schema/resources/Codelist/gmxCodelists.xml#MD_KeywordTypeCode" codeListValue="place">place</gmd:MD_KeywordTypeCode>
          </gmd:type>
          <gmd:thesaurusName>
            <gmd:CI_Citation>
              <gmd:title>
                <gco:CharacterString>GCMD Locations Keywords version 8.4.1</gco:CharacterString>
              </gmd:title>
              <gmd:date gco:nilReason="unknown"/>
            </gmd:CI_Citation>
          </gmd:thesaurusName>
        </gmd:MD_Keywords>
      </gmd:descriptiveKeywords>
      <gmd:descriptiveKeywords>
        <gmd:MD_Keywords>
          <gmd:keyword>
            <gco:CharacterString>Prionace glauca</gco:CharacterString>
          </gmd:keyword>
          <gmd:keyword>
            <gco:CharacterString>blue shark, requin bleu, tiburón azul</gco:CharacterString>
          </gmd:keyword>
          <gmd:thesaurusName>
            <gmd:CI_Citation>
              <gmd:title>
                <gco:CharacterString>ITIS</gco:CharacterString>
              </gmd:title>
              <gmd:date gco:nilReason="template"/>
            </gmd:CI_Citation>
          </gmd:thesaurusName>
        </gmd:MD_Keywords>
      </gmd:descriptiveKeywords>
      <gmd:descriptiveKeywords>
        <gmd:MD_Keywords>
          <gmd:keyword>
            <gco:CharacterString>EARTH SCIENCE &gt; AGRICULTURE &gt; ANIMAL SCIENCE &gt; ANIMAL ECOLOGY AND BEHAVIOR</gco:CharacterString>
          </gmd:keyword>
          <gmd:keyword>
            <gco:CharacterString>EARTH SCIENCE &gt; OCEANS</gco:CharacterString>
          </gmd:keyword>
          <gmd:type>
            <gmd:MD_KeywordTypeCode codeList="http://www.ngdc.noaa.gov/metadata/published/xsd/schema/resources/Codelist/gmxCodelists.xml#MD_KeywordTypeCode" codeListValue="theme">theme</gmd:MD_KeywordTypeCode>
          </gmd:type>
          <gmd:thesaurusName>
            <gmd:CI_Citation>
              <gmd:title>
                <gco:CharacterString>GCMD Science Keywords version 8.4.1</gco:CharacterString>
              </gmd:title>
              <gmd:date gco:nilReason="unknown"/>
            </gmd:CI_Citation>
          </gmd:thesaurusName>
        </gmd:MD_Keywords>
      </gmd:descriptiveKeywords>
      <gmd:resourceConstraints>
        <gmd:MD_Constraints>
          <gmd:useLimitation>
            <gco:CharacterString>These data may be used and redistributed for free, but are not intended for legal use, since they may contain inaccuracies. No person or group associated with these data makes any warranty, expressed or implied, including warranties of merchantability and fitness for a particular purpose, or assumes any legal liability for the accuracy, completeness or usefulness of this information. This disclaimer applies to both individual use of these data and aggregate use with other data. It is strongly recommended that users read and fully comprehend associated metadata prior to use. Please acknowledge the U.S. Animal Telemetry Network (ATN) or the specified citation as the source from which these data were obtained in any publications and/or representations of these data. Communication and collaboration with dataset authors are strongly encouraged.</gco:CharacterString>
          </gmd:useLimitation>
        </gmd:MD_Constraints>
      </gmd:resourceConstraints>
      <gmd:language>
        <gco:CharacterString>eng;USA</gco:CharacterString>
      </gmd:language>
      <gmd:topicCategory>
        <gmd:MD_TopicCategoryCode>oceans</gmd:MD_TopicCategoryCode>
      </gmd:topicCategory>
      <gmd:extent>
        <gmd:EX_Extent>
          <gmd:description>
            <gco:CharacterString>Western North Atlantic, including one individual that moved into the Caribbean.</gco:CharacterString>
          </gmd:description>
          <gmd:geographicElement>
            <gmd:EX_GeographicBoundingBox>
              <gmd:westBoundLongitude>
                <gco:Decimal>-90</gco:Decimal>
              </gmd:westBoundLongitude>
              <gmd:eastBoundLongitude>
                <gco:Decimal>-25</gco:Decimal>
              </gmd:eastBoundLongitude>
              <gmd:southBoundLatitude>
                <gco:Decimal>0</gco:Decimal>
              </gmd:southBoundLatitude>
              <gmd:northBoundLatitude>
                <gco:Decimal>50</gco:Decimal>
              </gmd:northBoundLatitude>
            </gmd:EX_GeographicBoundingBox>
          </gmd:geographicElement>
        </gmd:EX_Extent>
      </gmd:extent>
      <gmd:extent>
        <gmd:EX_Extent>
          <gmd:geographicElement>
            <gmd:EX_BoundingPolygon>
              <gmd:polygon>
                <gml:Polygon gml:id="gmlid_1">
                  <gml:exterior>
                    <gml:LinearRing>
                      <gml:coordinates decimal="-27.015380859374996,50.28933925329178 -25.960693359374996,-6.315298538330033 -75.179443359375,-5.9657536710655235 -79.046630859375,7.36246686553575 -98.382568359375,20.3034175184893 -99.437255859375,31.952162238024975 -84.320068359375,33.7243396617476 -74.827880859375,43.58039085560784 -53.031005859375,49.61070993807422 -27.015380859374996,50.28933925329178"/>
                    </gml:LinearRing>
                  </gml:exterior>
                </gml:Polygon>
              </gmd:polygon>
            </gmd:EX_BoundingPolygon>
          </gmd:geographicElement>
        </gmd:EX_Extent>
      </gmd:extent>
      <gmd:extent>
        <gmd:EX_Extent>
          <gmd:temporalElement>
            <gmd:EX_TemporalExtent>
              <gmd:extent>
                <gml:TimePeriod gml:id="gmlid_2">
                  <gml:description>Deployments started in 2014 and this dataset was accessed on 6 January 2017 for analysis. Some tags were still transmitting at that time.</gml:description>
                  <gml:beginPosition>2014-07-12T00:00:00+00:00</gml:beginPosition>
                  <gml:endPosition>2017-01-06T00:00:00+00:00</gml:endPosition>
                </gml:TimePeriod>
              </gmd:extent>
            </gmd:EX_TemporalExtent>
          </gmd:temporalElement>
        </gmd:EX_Extent>
      </gmd:extent>
    </gmd:MD_DataIdentification>
  </gmd:identificationInfo>
  <gmd:contentInfo>
    <gmd:MD_FeatureCatalogueDescription>
      <gmd:language>
        <gco:CharacterString>eng; USA</gco:CharacterString>
      </gmd:language>
      <gmd:includedWithDataset>
        <gco:Boolean>true</gco:Boolean>
      </gmd:includedWithDataset>
      <gmd:featureTypes>
        <gco:LocalName>The data dictionary describes entities and attributes in the 17 data tables from this dataset, which describe satellite telemetry locations of blue shark movements in the Atlantic Ocean.</gco:LocalName>
      </gmd:featureTypes>
      <gmd:featureCatalogueCitation>
        <gmd:CI_Citation>
          <gmd:title>
            <gco:CharacterString>Data dictionary for satellite telemetry data of blue shark movements</gco:CharacterString>
          </gmd:title>
          <gmd:date gco:nilReason="missing"/>
        </gmd:CI_Citation>
      </gmd:featureCatalogueCitation>
    </gmd:MD_FeatureCatalogueDescription>
  </gmd:contentInfo>
  <gmd:dataQualityInfo>
    <gmd:DQ_DataQuality>
      <gmd:scope>
        <gmd:DQ_Scope>
          <gmd:level>
            <gmd:MD_ScopeCode codeList="http://www.ngdc.noaa.gov/metadata/published/xsd/schema/resources/Codelist/gmxCodelists.xml#MX_ScopeCode" codeListValue="dataset">dataset</gmd:MD_ScopeCode>
          </gmd:level>
        </gmd:DQ_Scope>
      </gmd:scope>
      <gmd:lineage>
        <gmd:LI_Lineage>
          <gmd:statement>
            <gco:CharacterString>The data is a time series of raw position estimates from Argos/CLS collected by Wildlife Computers SPOT tags affixed to blue sharks in the North Atlantic. Blue sharks were tagged offshore from Cape Cod during summer and fall of 2014-2016 using recreational rod and reel tackle.</gco:CharacterString>
          </gmd:statement>
          <gmd:processStep>
            <gmd:LI_ProcessStep>
              <gmd:description>
                <gco:CharacterString>Raw Argos position data were downloaded as .csv from the Wildlife Computers data portal on 6 January 2017. Data for each individual was then re-formatted and assigned observation types using the tags2etuff package for R (github.com/camrinbraun/tags2etuff). During that formatting, gross outliers were manually removed, including positions acquired after some individuals were harvested by commercial fishing activities and continued to transmit onboard the vessel.</gco:CharacterString>
              </gmd:description>
            </gmd:LI_ProcessStep>
          </gmd:processStep>
          <gmd:source>
            <gmd:LI_Source>
              <gmd:sourceCitation gco:nilReason="missing"/>
              <gmd:sourceStep>
                <gmd:LI_ProcessStep>
                  <gmd:description gco:nilReason="missing"/>
                </gmd:LI_ProcessStep>
              </gmd:sourceStep>
            </gmd:LI_Source>
          </gmd:source>
        </gmd:LI_Lineage>
      </gmd:lineage>
    </gmd:DQ_DataQuality>
  </gmd:dataQualityInfo>
</gmd:MD_Metadata>
