<?xml version="1.0" encoding="utf-8"?><?xml-stylesheet type="text/xsl" href="/templates/home.xsl"?><ns1:systemMetadata xmlns:ns1="http://ns.dataone.org/service/types/v2.0"><serialVersion>1</serialVersion><identifier>10.24431_rw1k329_20250822T210616Z</identifier><formatId>http://www.isotc211.org/2005/gmd</formatId><size>41117</size><checksum algorithm="MD5">d053593b0646846d9a84370c4fabe7c3</checksum><submitter>CN=urn:node:RW,DC=dataone,DC=org</submitter><rightsHolder>CN=urn:node:RW,DC=dataone,DC=org</rightsHolder><accessPolicy><allow><subject>public</subject><permission>read</permission></allow></accessPolicy><replicationPolicy replicationAllowed="true" numberReplicas="3"/><obsoletes>10.24431_rw1k329_2019624213839</obsoletes><archived>false</archived><dateUploaded>2025-08-22T21:06:16.997809Z</dateUploaded><dateSysMetadataModified>2025-08-22T21:06:16.997809Z</dateSysMetadataModified><originMemberNode>urn:node:RW</originMemberNode><authoritativeMemberNode>urn:node:RW</authoritativeMemberNode><seriesId>10.24431/rw1k329</seriesId><fileName>10.24431_rw1k329_20250822T210616Z.xml</fileName></ns1:systemMetadata>