<?xml version="1.0" encoding="utf-8"?><?xml-stylesheet type="text/xsl" href="/templates/home.xsl"?><ns1:systemMetadata xmlns:ns1="http://ns.dataone.org/service/types/v2.0"><serialVersion>1</serialVersion><identifier>113a187e-0bd1-4485-ad23-35a094f7ec07</identifier><formatId>text/csv</formatId><size>76850</size><checksum algorithm="MD5">9b05e600c47a04f8bf21272ebf21dbc6</checksum><submitter>CN=urn:node:RW,DC=dataone,DC=org</submitter><rightsHolder>CN=urn:node:RW,DC=dataone,DC=org</rightsHolder><accessPolicy><allow><subject>public</subject><permission>read</permission></allow></accessPolicy><replicationPolicy replicationAllowed="true" numberReplicas="3"/><archived>false</archived><dateUploaded>2025-08-22T21:06:15.772866Z</dateUploaded><dateSysMetadataModified>2025-08-22T21:06:15.772866Z</dateSysMetadataModified><originMemberNode>urn:node:RW</originMemberNode><authoritativeMemberNode>urn:node:RW</authoritativeMemberNode><fileName>160424_2015_141268pnas_atn.csv</fileName></ns1:systemMetadata>