<?xml version="1.0" encoding="utf-8"?><?xml-stylesheet type="text/xsl" href="/templates/home.xsl"?><ns1:systemMetadata xmlns:ns1="http://ns.dataone.org/service/types/v2.0"><serialVersion>1</serialVersion><identifier>1ee6e696-a411-47ac-94b6-1168dfb39524</identifier><formatId>text/csv</formatId><size>70251</size><checksum algorithm="MD5">047f25c8b94f1ebff1f209919a5d9e78</checksum><submitter>CN=urn:node:RW,DC=dataone,DC=org</submitter><rightsHolder>CN=urn:node:RW,DC=dataone,DC=org</rightsHolder><accessPolicy><allow><subject>public</subject><permission>read</permission></allow></accessPolicy><replicationPolicy replicationAllowed="true" numberReplicas="3"/><archived>false</archived><dateUploaded>2025-08-22T21:06:13.954702Z</dateUploaded><dateSysMetadataModified>2025-08-22T21:06:13.954702Z</dateSysMetadataModified><originMemberNode>urn:node:RW</originMemberNode><authoritativeMemberNode>urn:node:RW</authoritativeMemberNode><fileName>160424_2013_132346pnas_atn.csv</fileName></ns1:systemMetadata>