<?xml version="1.0" encoding="utf-8"?><?xml-stylesheet type="text/xsl" href="/templates/home.xsl"?><ns1:systemMetadata xmlns:ns1="http://ns.dataone.org/service/types/v2.0"><serialVersion>1</serialVersion><identifier>cdf589b5-338d-424c-9be8-1ac6723a0331</identifier><formatId>text/csv</formatId><size>19328</size><checksum algorithm="MD5">a722455d45fdd9b4e6f75d6d6e5fc43f</checksum><submitter>CN=urn:node:RW,DC=dataone,DC=org</submitter><rightsHolder>CN=urn:node:RW,DC=dataone,DC=org</rightsHolder><accessPolicy><allow><subject>public</subject><permission>read</permission></allow></accessPolicy><replicationPolicy replicationAllowed="true" numberReplicas="3"/><archived>false</archived><dateUploaded>2025-08-22T21:06:13.021495Z</dateUploaded><dateSysMetadataModified>2025-08-22T21:06:13.021495Z</dateSysMetadataModified><originMemberNode>urn:node:RW</originMemberNode><authoritativeMemberNode>urn:node:RW</authoritativeMemberNode><fileName>160424_2016_106745pnas_atn.csv</fileName></ns1:systemMetadata>