<?xml version="1.0" encoding="utf-8"?><?xml-stylesheet type="text/xsl" href="/templates/home.xsl"?><ns1:systemMetadata xmlns:ns1="http://ns.dataone.org/service/types/v2.0"><serialVersion>1</serialVersion><identifier>e85cf71e-f49c-451c-87c3-40843d1f56a5</identifier><formatId>text/csv</formatId><size>8762</size><checksum algorithm="MD5">78f4fee1a3c4e419d01f5bdbe494e322</checksum><submitter>CN=urn:node:RW,DC=dataone,DC=org</submitter><rightsHolder>CN=urn:node:RW,DC=dataone,DC=org</rightsHolder><accessPolicy><allow><subject>public</subject><permission>read</permission></allow></accessPolicy><replicationPolicy replicationAllowed="true" numberReplicas="3"/><archived>false</archived><dateUploaded>2025-08-22T21:06:13.720228Z</dateUploaded><dateSysMetadataModified>2025-08-22T21:06:13.720228Z</dateSysMetadataModified><originMemberNode>urn:node:RW</originMemberNode><authoritativeMemberNode>urn:node:RW</authoritativeMemberNode><fileName>160424_2016_106748pnas_atn.csv</fileName></ns1:systemMetadata>