<?xml version="1.0" encoding="utf-8"?><?xml-stylesheet type="text/xsl" href="/templates/home.xsl"?><ns1:systemMetadata xmlns:ns1="http://ns.dataone.org/service/types/v2.0"><serialVersion>1</serialVersion><identifier>da241127-11ef-4543-aded-b4d6b2e34c39</identifier><formatId>text/csv</formatId><size>54756</size><checksum algorithm="MD5">aae57c5fa4a01b4b1782296f2f47434d</checksum><submitter>CN=urn:node:RW,DC=dataone,DC=org</submitter><rightsHolder>CN=urn:node:RW,DC=dataone,DC=org</rightsHolder><accessPolicy><allow><subject>public</subject><permission>read</permission></allow></accessPolicy><replicationPolicy replicationAllowed="true" numberReplicas="3"/><archived>false</archived><dateUploaded>2025-08-22T21:06:14.40447Z</dateUploaded><dateSysMetadataModified>2025-08-22T21:06:14.40447Z</dateSysMetadataModified><originMemberNode>urn:node:RW</originMemberNode><authoritativeMemberNode>urn:node:RW</authoritativeMemberNode><fileName>160424_2015_141261pnas_atn.csv</fileName></ns1:systemMetadata>