<?xml version="1.0" encoding="utf-8"?><?xml-stylesheet type="text/xsl" href="/templates/home.xsl"?><ns1:systemMetadata xmlns:ns1="http://ns.dataone.org/service/types/v2.0"><serialVersion>1</serialVersion><identifier>5faec61b-26ef-4e84-914f-f206c8338b79</identifier><formatId>text/csv</formatId><size>12418</size><checksum algorithm="MD5">201e71ca2a1376d6d5aad93c976cbd70</checksum><submitter>CN=urn:node:RW,DC=dataone,DC=org</submitter><rightsHolder>CN=urn:node:RW,DC=dataone,DC=org</rightsHolder><accessPolicy><allow><subject>public</subject><permission>read</permission></allow></accessPolicy><replicationPolicy replicationAllowed="true" numberReplicas="3"/><archived>false</archived><dateUploaded>2025-08-22T21:06:15.281908Z</dateUploaded><dateSysMetadataModified>2025-08-22T21:06:15.281908Z</dateSysMetadataModified><originMemberNode>urn:node:RW</originMemberNode><authoritativeMemberNode>urn:node:RW</authoritativeMemberNode><fileName>160424_2016_141265pnas_atn.csv</fileName></ns1:systemMetadata>