<?xml version="1.0" encoding="utf-8"?><?xml-stylesheet type="text/xsl" href="/templates/home.xsl"?><ns1:systemMetadata xmlns:ns1="http://ns.dataone.org/service/types/v2.0"><serialVersion>1</serialVersion><identifier>ccc3b26f-e8ee-462a-bc95-70ac5d5b3401</identifier><formatId>text/csv</formatId><size>15653</size><checksum algorithm="MD5">575443a42f9ca7a1d525aaef23181f94</checksum><submitter>CN=urn:node:RW,DC=dataone,DC=org</submitter><rightsHolder>CN=urn:node:RW,DC=dataone,DC=org</rightsHolder><accessPolicy><allow><subject>public</subject><permission>read</permission></allow></accessPolicy><replicationPolicy replicationAllowed="true" numberReplicas="3"/><archived>false</archived><dateUploaded>2025-08-22T21:06:15.501868Z</dateUploaded><dateSysMetadataModified>2025-08-22T21:06:15.501868Z</dateSysMetadataModified><originMemberNode>urn:node:RW</originMemberNode><authoritativeMemberNode>urn:node:RW</authoritativeMemberNode><fileName>160424_2016_141266pnas_atn.csv</fileName></ns1:systemMetadata>