<?xml version="1.0" encoding="utf-8"?><?xml-stylesheet type="text/xsl" href="/templates/home.xsl"?><ns1:systemMetadata xmlns:ns1="http://ns.dataone.org/service/types/v2.0"><serialVersion>1</serialVersion><identifier>3b4d6b1a-0350-45b3-b48a-58045d67e6ac</identifier><formatId>text/csv</formatId><size>22257</size><checksum algorithm="MD5">5fba5579c6166da8b1c369dc9f301a86</checksum><submitter>CN=urn:node:RW,DC=dataone,DC=org</submitter><rightsHolder>CN=urn:node:RW,DC=dataone,DC=org</rightsHolder><accessPolicy><allow><subject>public</subject><permission>read</permission></allow></accessPolicy><replicationPolicy replicationAllowed="true" numberReplicas="3"/><archived>false</archived><dateUploaded>2025-08-22T21:06:14.621952Z</dateUploaded><dateSysMetadataModified>2025-08-22T21:06:14.621952Z</dateSysMetadataModified><originMemberNode>urn:node:RW</originMemberNode><authoritativeMemberNode>urn:node:RW</authoritativeMemberNode><fileName>160424_2016_141262pnas_atn.csv</fileName></ns1:systemMetadata>