<?xml version="1.0" encoding="utf-8"?><?xml-stylesheet type="text/xsl" href="/templates/home.xsl"?><ns1:systemMetadata xmlns:ns1="http://ns.dataone.org/service/types/v2.0"><serialVersion>1</serialVersion><identifier>90e05bbb-374c-4442-b08c-b161cd7a6314</identifier><formatId>text/csv</formatId><size>14188</size><checksum algorithm="MD5">1eb09067616beb4ced5bcdd6e540c345</checksum><submitter>CN=urn:node:RW,DC=dataone,DC=org</submitter><rightsHolder>CN=urn:node:RW,DC=dataone,DC=org</rightsHolder><accessPolicy><allow><subject>public</subject><permission>read</permission></allow></accessPolicy><replicationPolicy replicationAllowed="true" numberReplicas="3"/><archived>false</archived><dateUploaded>2025-08-22T21:06:16.234195Z</dateUploaded><dateSysMetadataModified>2025-08-22T21:06:16.234195Z</dateSysMetadataModified><originMemberNode>urn:node:RW</originMemberNode><authoritativeMemberNode>urn:node:RW</authoritativeMemberNode><fileName>160424_2016_165927pnas_atn.csv</fileName></ns1:systemMetadata>