<?xml version="1.0" encoding="utf-8"?><?xml-stylesheet type="text/xsl" href="/templates/home.xsl"?><ns1:systemMetadata xmlns:ns1="http://ns.dataone.org/service/types/v2.0"><serialVersion>1</serialVersion><identifier>269372fb-db78-4b46-a322-3449fbf2e15b</identifier><formatId>text/csv</formatId><size>24126</size><checksum algorithm="MD5">e5750c3c226babcafe8d34956bded4da</checksum><submitter>CN=urn:node:RW,DC=dataone,DC=org</submitter><rightsHolder>CN=urn:node:RW,DC=dataone,DC=org</rightsHolder><accessPolicy><allow><subject>public</subject><permission>read</permission></allow></accessPolicy><replicationPolicy replicationAllowed="true" numberReplicas="3"/><archived>false</archived><dateUploaded>2025-08-22T21:06:12.77548Z</dateUploaded><dateSysMetadataModified>2025-08-22T21:06:12.77548Z</dateSysMetadataModified><originMemberNode>urn:node:RW</originMemberNode><authoritativeMemberNode>urn:node:RW</authoritativeMemberNode><fileName>160424_2016_106744pnas_atn.csv</fileName></ns1:systemMetadata>