<?xml version="1.0" encoding="utf-8"?><?xml-stylesheet type="text/xsl" href="/templates/home.xsl"?><ns1:systemMetadata xmlns:ns1="http://ns.dataone.org/service/types/v2.0"><serialVersion>1</serialVersion><identifier>6756bc44-c3e3-4ddc-a33a-2837fed1bdb2</identifier><formatId>text/csv</formatId><size>120653</size><checksum algorithm="MD5">f426455cc3218212e3e0f1d147f49283</checksum><submitter>CN=urn:node:RW,DC=dataone,DC=org</submitter><rightsHolder>CN=urn:node:RW,DC=dataone,DC=org</rightsHolder><accessPolicy><allow><subject>public</subject><permission>read</permission></allow></accessPolicy><replicationPolicy replicationAllowed="true" numberReplicas="3"/><archived>false</archived><dateUploaded>2025-08-22T21:06:15.976126Z</dateUploaded><dateSysMetadataModified>2025-08-22T21:06:15.976126Z</dateSysMetadataModified><originMemberNode>urn:node:RW</originMemberNode><authoritativeMemberNode>urn:node:RW</authoritativeMemberNode><fileName>160424_2015_141270pnas_atn.csv</fileName></ns1:systemMetadata>