<?xml version="1.0" encoding="utf-8"?><?xml-stylesheet type="text/xsl" href="/templates/home.xsl"?><ns1:systemMetadata xmlns:ns1="http://ns.dataone.org/service/types/v2.0"><serialVersion>1</serialVersion><identifier>6d1b4779-981a-4a62-a131-2185d00dac9f</identifier><formatId>text/csv</formatId><size>7709</size><checksum algorithm="MD5">effc96d361f286ac17222cd298aa0bd9</checksum><submitter>CN=urn:node:RW,DC=dataone,DC=org</submitter><rightsHolder>CN=urn:node:RW,DC=dataone,DC=org</rightsHolder><accessPolicy><allow><subject>public</subject><permission>read</permission></allow></accessPolicy><replicationPolicy replicationAllowed="true" numberReplicas="3"/><archived>false</archived><dateUploaded>2025-08-22T21:06:12.528179Z</dateUploaded><dateSysMetadataModified>2025-08-22T21:06:12.528179Z</dateSysMetadataModified><originMemberNode>urn:node:RW</originMemberNode><authoritativeMemberNode>urn:node:RW</authoritativeMemberNode><fileName>Braun_atn_tag_deployment_metadata.csv</fileName></ns1:systemMetadata>