<?xml version="1.0" encoding="utf-8"?><?xml-stylesheet type="text/xsl" href="/templates/home.xsl"?><ns1:systemMetadata xmlns:ns1="http://ns.dataone.org/service/types/v2.0"><serialVersion>1</serialVersion><identifier>cc6e0636-7d00-454b-b1ed-239be767af65</identifier><formatId>text/csv</formatId><size>1140</size><checksum algorithm="MD5">00c84c653fa4b73f76281d19929e5cb7</checksum><submitter>CN=urn:node:RW,DC=dataone,DC=org</submitter><rightsHolder>CN=urn:node:RW,DC=dataone,DC=org</rightsHolder><accessPolicy><allow><subject>public</subject><permission>read</permission></allow></accessPolicy><replicationPolicy replicationAllowed="true" numberReplicas="3"/><archived>false</archived><dateUploaded>2025-08-22T21:06:12.296874Z</dateUploaded><dateSysMetadataModified>2025-08-22T21:06:12.296874Z</dateSysMetadataModified><originMemberNode>urn:node:RW</originMemberNode><authoritativeMemberNode>urn:node:RW</authoritativeMemberNode><fileName>cut_dates_atn.csv</fileName></ns1:systemMetadata>