<?xml version="1.0" encoding="utf-8"?><?xml-stylesheet type="text/xsl" href="/templates/home.xsl"?><ns1:systemMetadata xmlns:ns1="http://ns.dataone.org/service/types/v2.0"><serialVersion>1</serialVersion><identifier>38c75552-4dd5-4973-8227-1320dda56cf4</identifier><formatId>application/xml</formatId><size>21445</size><checksum algorithm="MD5">d0b33f84f77dfa0822bd33c4d3998cfd</checksum><submitter>CN=urn:node:RW,DC=dataone,DC=org</submitter><rightsHolder>CN=urn:node:RW,DC=dataone,DC=org</rightsHolder><accessPolicy><allow><subject>public</subject><permission>read</permission></allow></accessPolicy><replicationPolicy replicationAllowed="true" numberReplicas="3"/><archived>false</archived><dateUploaded>2025-08-22T21:06:17.829509Z</dateUploaded><dateSysMetadataModified>2025-08-22T21:06:17.829509Z</dateSysMetadataModified><originMemberNode>urn:node:RW</originMemberNode><authoritativeMemberNode>urn:node:RW</authoritativeMemberNode><fileName>Data Dictionary 10.24431_rw1k329</fileName></ns1:systemMetadata>